time,CO2_ppm,CO2_2_ppm,O2_percent,temperature_C,OD_Trx_V,OD_Sct_V
2.384185791015625e-06,6780.0,9960.0,20.8,36.625,3.678642857142857,0.3588035714285715
5.000081539154053,0.0,9800.0,20.8,36.625,3.7181160714285717,0.30713392857142857
10.000203132629395,6840.0,9830.0,20.8,36.562,3.6971071428571425,0.278875
15.000274658203125,6950.0,9830.0,20.8,36.5,3.7169464285714287,0.26567857142857143
20.000361442565918,6970.0,9840.0,20.8,36.437,3.703330357142857,0.23956249999999998
25.000442504882812,7000.0,9840.0,20.8,36.375,3.716446428571429,0.22938392857142853
30.00053334236145,7030.0,9890.0,20.8,36.25,3.685258928571429,0.22143749999999998
35.0006217956543,7060.0,9910.0,20.8,36.25,3.6901071428571437,0.21740178571428573
40.0007061958313,7090.0,9910.0,20.8,36.062,3.721705357142857,0.20865178571428572
45.000869035720825,7100.0,9910.0,20.8,36.0,3.712508928571429,0.20033035714285716
50.00096249580383,7110.0,9920.0,20.8,35.937,3.7220892857142855,0.19835714285714287
55.00104117393494,7120.0,9890.0,20.8,35.875,3.7133214285714287,0.19825000000000007
60.0011100769043,7110.0,9680.0,20.8,35.812,3.693258928571428,0.19517857142857145
65.00118947029114,7100.0,9590.0,20.8,35.75,3.709098214285714,0.18977678571428572
70.00133943557739,7060.0,9420.0,20.8,35.75,3.7122142857142864,0.1863839285714286
75.00142335891724,7030.0,9270.0,20.8,35.687,3.7056785714285705,0.18853571428571428
80.00151515007019,6810.0,9170.0,21.18,35.625,3.7017946428571435,0.1913482142857143
85.00158596038818,5860.0,9110.0,20.72,35.687,3.7048482142857146,0.1874375
90.00167036056519,4810.0,9060.0,20.78,35.625,3.7365178571428572,0.20094642857142858
95.00175285339355,4300.0,9090.0,20.8,35.687,3.7059642857142854,0.18198214285714287
100.00182914733887,3940.0,9100.0,20.8,35.625,3.627160714285715,0.1865089285714286
105.0019052028656,3710.0,9140.0,20.8,35.625,3.710758928571429,0.18108035714285714
110.00197696685791,3730.0,9140.0,20.8,35.687,3.6963749999999993,0.1790803571428571
115.00205159187317,3920.0,9020.0,20.8,35.687,3.7031517857142853,0.18257142857142858
120.00212001800537,4090.0,8880.0,20.8,35.687,3.6860267857142857,0.17912499999999998
125.00217294692993,4360.0,8780.0,20.8,35.75,3.676723214285714,0.19007142857142859
130.00224447250366,4570.0,8670.0,20.81,35.75,3.6605892857142863,0.18820535714285716
135.00235629081726,4910.0,8630.0,20.8,35.812,3.683035714285715,0.17583035714285716
140.00244688987732,5130.0,8610.0,20.8,35.812,3.7000892857142857,0.17879464285714283
145.00253176689148,5360.0,8620.0,20.8,35.875,3.69775,0.17764285714285713
150.00260305404663,5470.0,8630.0,20.8,35.875,3.702366071428571,0.17813392857142854
155.00268054008484,5600.0,8650.0,20.8,35.937,3.7096875000000007,0.17905357142857145
160.0027632713318,5670.0,8680.0,20.8,36.0,3.6806785714285715,0.17871428571428574
165.00284337997437,5730.0,8720.0,20.8,36.0,3.706464285714286,0.1821875
170.00292229652405,5760.0,8700.0,20.8,36.062,3.7120714285714285,0.17841964285714287
175.00299978256226,5800.0,8570.0,20.8,36.062,3.6897946428571435,0.1723214285714286
180.00307178497314,5820.0,8460.0,20.8,36.125,3.6846428571428573,0.17949107142857143
185.00314235687256,5820.0,8300.0,20.8,36.125,3.699553571428571,0.17601785714285717
190.00321578979492,5850.0,8220.0,20.82,36.187,3.697464285714286,0.18049107142857146
195.00328850746155,5910.0,8080.0,20.8,36.187,3.7037589285714287,0.17880357142857142
200.00336480140686,5940.0,8080.0,20.8,36.25,3.6542678571428575,0.1722767857142857
205.00343656539917,5960.0,8070.0,20.8,36.25,3.7057410714285717,0.17864285714285716
210.0035092830658,5960.0,8130.0,20.8,36.312,3.7170267857142854,0.17466964285714287
215.00358510017395,5940.0,8140.0,20.8,36.312,3.7138035714285715,0.17430357142857142
220.0036642551422,5920.0,8150.0,20.8,36.312,3.718633928571429,0.18180357142857145
225.003741979599,5890.0,8170.0,20.8,36.375,3.7023392857142854,0.1731339285714286
230.003821849823,5860.0,8170.0,20.8,36.312,3.7067857142857146,0.17947321428571428
235.00391364097595,5830.0,8130.0,20.8,36.375,3.6525803571428566,0.17716964285714284
240.00398802757263,5800.0,8070.0,20.8,36.312,3.707732142857143,0.1896517857142857
245.00406217575073,5780.0,7920.0,20.8,36.312,3.7029464285714284,0.1798392857142857
250.0041320323944,5790.0,7830.0,20.85,36.312,3.706544642857143,0.17526785714285714
255.00424003601074,5820.0,7770.0,20.8,36.312,3.711767857142857,0.17294642857142858
260.00431513786316,5820.0,7760.0,20.8,36.312,3.709062500000001,0.18527678571428569
265.00439071655273,5810.0,7740.0,20.8,36.312,3.7096339285714293,0.17616964285714287
270.00446677207947,5790.0,7720.0,20.8,36.312,3.7082053571428575,0.1790892857142857
275.00454926490784,5760.0,7750.0,20.8,36.25,3.6520089285714286,0.16883928571428572
280.0046184062958,5740.0,7730.0,20.8,36.25,3.7047946428571437,0.17509821428571426
285.00469613075256,5710.0,7740.0,20.8,36.25,3.7018392857142857,0.17694642857142856
290.0047674179077,5690.0,7740.0,20.8,36.25,3.710919642857143,0.18030357142857142
295.0048463344574,5650.0,7700.0,20.8,36.25,3.6512678571428565,0.1697053571428572
300.0049159526825,5630.0,7670.0,20.8,36.187,3.6951339285714293,0.179375
305.00497579574585,5590.0,7550.0,20.81,36.187,3.704651785714286,0.17522321428571433
310.0050456523895,5580.0,7490.0,20.86,36.187,3.7073303571428577,0.17532142857142857
315.00511384010315,5580.0,7410.0,20.81,36.187,3.695151785714286,0.17320535714285712
320.00518560409546,5570.0,7400.0,20.8,36.187,3.7143303571428574,0.17216071428571428
325.0052604675293,5560.0,7390.0,20.8,36.187,3.703544642857143,0.17233928571428572
330.00533294677734,5530.0,7380.0,20.8,36.187,3.7128124999999996,0.16973214285714286
335.0054202079773,5500.0,7360.0,20.8,36.187,3.693410714285715,0.171875
340.005494594574,5470.0,7340.0,20.8,36.187,3.695267857142857,0.17173214285714286
345.00557565689087,5430.0,7350.0,20.8,36.187,3.6745982142857145,0.17065178571428571
350.0056540966034,5400.0,7330.0,20.8,36.187,3.6831250000000004,0.1733303571428571
355.00572967529297,5350.0,7290.0,20.8,36.25,3.7010178571428574,0.18151785714285715
360.00580978393555,5300.0,7240.0,20.8,36.25,3.645473214285715,0.17454464285714288
365.0058870315552,5260.0,7170.0,20.86,36.25,3.6962767857142858,0.17982142857142858
370.00595903396606,5250.0,7120.0,20.88,36.187,3.6903125,0.17215178571428572
375.0060360431671,5250.0,6980.0,20.86,36.25,3.6939553571428574,0.1776607142857143
380.006112575531,5250.0,6910.0,20.81,36.25,3.6808660714285724,0.1742857142857143
385.00619769096375,5230.0,6860.0,20.8,36.25,3.6857499999999996,0.17839285714285716
390.0062725543976,5210.0,6850.0,20.8,36.25,3.708142857142857,0.17682142857142855
395.00634717941284,5180.0,6880.0,20.8,36.25,3.712660714285714,0.17326785714285714
400.00642108917236,5160.0,6890.0,20.8,36.25,3.7067142857142854,0.1730267857142857
405.00650453567505,5120.0,6900.0,20.8,36.25,3.694339285714286,0.17426785714285714
410.0065813064575,5050.0,6890.0,20.8,36.25,3.7035446428571426,0.1725982142857143
415.00665760040283,5000.0,6880.0,20.8,36.25,3.6864821428571433,0.17557142857142857
420.0067296028137,4950.0,6830.0,20.8,36.25,3.697901785714286,0.17668749999999997
425.00681257247925,4910.0,6700.0,20.87,36.25,3.732026785714286,0.20431250000000004
430.00688767433167,4910.0,6630.0,20.87,36.312,3.7017946428571427,0.17058928571428572
435.00696992874146,4910.0,6520.0,20.87,36.312,3.7111339285714284,0.16905357142857144
440.0070495605469,4910.0,6460.0,20.84,36.312,3.689714285714287,0.17066071428571425
445.0071270465851,4900.0,6430.0,20.82,36.312,3.7039732142857145,0.17081249999999998
450.0072076320648,4880.0,6420.0,20.82,36.312,3.712946428571428,0.17536607142857144
455.00732016563416,4850.0,6420.0,20.81,36.375,3.685455357142857,0.17233928571428567
460.00738883018494,4830.0,6450.0,20.81,36.375,3.6954285714285713,0.1749910714285714
465.0074677467346,4800.0,6500.0,20.81,36.375,3.6801696428571424,0.1678035714285714
470.00755047798157,4770.0,6480.0,20.81,36.375,3.701008928571429,0.1695178571428571
475.0076644420624,4740.0,6480.0,20.81,36.375,3.717571428571429,0.17319642857142856
480.0077335834503,4710.0,6470.0,20.81,36.437,3.705330357142858,0.1741160714285714
485.00781202316284,4680.0,6440.0,20.88,36.437,3.705017857142857,0.17511607142857147
490.0078868865967,4660.0,6390.0,20.88,36.437,3.711732142857143,0.17283035714285713
495.0079667568207,4660.0,6370.0,20.88,36.437,3.7113839285714283,0.18112499999999998
500.00805020332336,4660.0,6340.0,20.86,36.437,3.6902410714285723,0.17435714285714288
505.0081341266632,4660.0,6310.0,20.82,36.437,3.7208269230769226,0.16747115384615385
510.0082128047943,4640.0,6270.0,20.83,36.437,3.7036339285714286,0.17080357142857142
515.0083112716675,4620.0,6240.0,20.83,36.437,3.6882410714285716,0.17525
520.0083856582642,4590.0,6210.0,20.81,36.437,3.6486428571428577,0.17520535714285712
525.0084712505341,4580.0,6190.0,20.82,36.437,3.704223214285714,0.17291964285714287
530.0085496902466,4540.0,6180.0,20.81,36.437,3.7097142857142864,0.17236607142857138
535.0086450576782,4520.0,6150.0,20.81,36.437,3.7117053571428573,0.16947321428571427
540.0087213516235,4470.0,6120.0,20.82,36.437,3.6653928571428565,0.16783035714285713
545.0088052749634,4420.0,6060.0,20.88,36.437,3.709008928571429,0.17106250000000006
550.0088839530945,4400.0,6040.0,20.88,36.437,3.7004553571428573,0.1725357142857143
555.0089645385742,4410.0,6010.0,20.87,36.437,3.707892857142857,0.1735892857142857
560.0090460777283,4410.0,5930.0,20.86,36.437,3.6505714285714292,0.1729196428571429
565.0091345310211,4400.0,5910.0,20.84,36.437,3.7209285714285714,0.17176785714285714
570.0092177391052,4390.0,5890.0,20.85,36.437,3.7110178571428567,0.17085714285714285
575.0093004703522,4380.0,5880.0,20.84,36.437,3.707392857142857,0.1747857142857143
580.0093731880188,4360.0,5860.0,20.84,36.437,3.696830357142858,0.16883035714285713
585.0094614028931,4350.0,5850.0,20.85,36.437,3.699964285714285,0.16959821428571425
590.00954413414,4320.0,5840.0,20.85,36.437,3.7109464285714293,0.18038392857142857
595.0096249580383,4300.0,5840.0,20.85,36.437,3.712946428571429,0.17310714285714285
600.0096986293793,4270.0,5820.0,20.85,36.437,3.710857142857143,0.1736517857142857
605.0097894668579,4250.0,5800.0,20.87,36.437,3.7084910714285715,0.17349107142857148
610.0098602771759,4230.0,5790.0,20.87,36.5,3.6957678571428576,0.17041071428571428
615.009946346283,4230.0,5780.0,20.87,36.437,3.710508928571429,0.1800357142857143
620.0100302696228,4220.0,5760.0,20.87,36.5,3.7135714285714285,0.1743125
625.0101099014282,4210.0,5740.0,20.87,36.5,3.7158571428571427,0.17422321428571427
630.0102024078369,4200.0,5730.0,20.87,36.5,3.6946071428571434,0.17059821428571428
635.0102863311768,4190.0,5720.0,20.87,36.5,3.7169642857142855,0.17358035714285713
640.0103595256805,4160.0,5680.0,20.87,36.5,3.705723214285715,0.1749375
645.0104360580444,4150.0,5620.0,20.87,36.5,3.6944615384615385,0.1739519230769231
650.0105223655701,4120.0,5590.0,20.87,36.562,3.689160714285715,0.16995535714285717
655.0106015205383,4090.0,5560.0,20.86,36.562,3.714053571428571,0.18363392857142857
660.0106763839722,4040.0,5540.0,20.87,36.5,3.7086517857142853,0.1716964285714286
665.0107598304749,4000.0,5500.0,20.88,36.562,3.7059553571428574,0.1740982142857143
670.0108652114868,3980.0,5460.0,20.88,36.5,3.6987678571428577,0.17141071428571428
675.01096534729,3970.0,5410.0,20.87,36.5,3.6984285714285714,0.17326785714285717
680.0110442638397,3970.0,5410.0,20.88,36.5,3.7109375,0.17208035714285713
685.0111227035522,3970.0,5390.0,20.87,36.5,3.6964107142857148,0.17349107142857143
690.0112040042877,3960.0,5280.0,20.87,36.5,3.7069464285714284,0.1714285714285714
695.0113010406494,3950.0,5240.0,20.87,36.5,3.671223214285715,0.17558928571428573
700.011372089386,3930.0,5170.0,20.87,36.5,3.7012410714285724,0.16675892857142857
705.0114505290985,3910.0,5200.0,20.87,36.5,3.700285714285715,0.17770535714285712
710.0115487575531,3890.0,5190.0,20.87,36.5,3.6865192307692305,0.1745192307692308
715.0116279125214,3860.0,5190.0,20.87,36.5,3.707991071428571,0.17092857142857146
720.0117077827454,3840.0,5190.0,20.87,36.562,3.648883928571429,0.17592857142857143
725.011785030365,3800.0,5180.0,20.88,36.5,3.6758124999999997,0.17608035714285714
730.0118632316589,3790.0,5160.0,20.88,36.562,3.7038928571428573,0.18066964285714285
735.0119426250458,3790.0,5140.0,20.88,36.5,3.711607142857143,0.17651785714285714
740.0120327472687,3780.0,5090.0,20.88,36.5,3.7019196428571433,0.1771071428571429
745.012113571167,3780.0,5090.0,20.87,36.5,3.703723214285714,0.17508035714285713
750.0121963024139,3770.0,5000.0,20.87,36.5,3.6915267857142866,0.1766339285714286
755.0122692584991,3760.0,4970.0,20.87,36.562,3.6979553571428574,0.17455357142857147
760.0123445987701,3740.0,4920.0,20.87,36.5,3.696776785714286,0.17399107142857143
765.0124278068542,3710.0,4910.0,20.87,36.5,3.699821428571428,0.1770089285714286
770.0125057697296,3700.0,4890.0,20.88,36.562,3.7070803571428566,0.17250892857142858
775.0125811100006,3660.0,4860.0,20.88,36.562,3.711855769230769,0.17298076923076924
780.0126552581787,3640.0,4840.0,20.88,36.562,3.6927589285714286,0.17982142857142858
785.0127410888672,3610.0,4760.0,20.87,36.562,3.6533214285714295,0.1714375
790.0128140449524,3590.0,4780.0,20.88,36.562,3.698919642857143,0.17099107142857142
795.0129001140594,3590.0,4750.0,20.87,36.562,3.7059821428571427,0.17220535714285715
800.0129849910736,3580.0,4750.0,20.88,36.625,3.7104732142857144,0.1763125
805.013072013855,3570.0,4660.0,20.88,36.625,3.681778846153846,0.17136538461538464
810.0131540298462,3560.0,4650.0,20.88,36.625,3.706053571428572,0.17136607142857144
815.0132279396057,3540.0,4650.0,20.88,36.687,3.702321428571428,0.17466071428571434
820.0132982730865,3520.0,4630.0,20.88,36.687,3.708705357142857,0.17159821428571426
825.0134003162384,3490.0,4640.0,20.88,36.75,3.6786428571428575,0.18050000000000002
830.0134837627411,3470.0,4640.0,20.88,36.75,3.707482142857143,0.17351785714285714
835.0135645866394,3410.0,4620.0,20.88,36.687,3.6840178571428575,0.17307142857142857
840.0136365890503,3370.0,4620.0,20.88,36.687,3.707678571428572,0.17070535714285712
845.0137224197388,3330.0,4620.0,20.88,36.687,3.7139642857142854,0.1750982142857143
850.0137934684753,3320.0,4610.0,20.88,36.625,3.7052589285714284,0.1701875
855.013875246048,3320.0,4590.0,20.88,36.625,3.6932410714285715,0.17091964285714287
860.0139598846436,3320.0,4590.0,20.88,36.625,3.706285714285715,0.1696607142857143
865.0140433311462,3320.0,4560.0,20.88,36.562,3.6885982142857143,0.17251785714285714
870.0141246318817,3310.0,4570.0,20.88,36.625,3.698571428571429,0.17333035714285713
875.0142061710358,3300.0,4540.0,20.88,36.562,3.687151785714286,0.17068750000000002
880.0142824649811,3280.0,4550.0,20.88,36.625,3.7042767857142858,0.17549999999999996
885.0143775939941,3260.0,4530.0,20.88,36.562,3.7281517857142865,0.16757142857142857
890.014456987381,3240.0,4520.0,20.88,36.562,3.7034910714285716,0.17087500000000003
895.0145416259766,3220.0,4510.0,20.88,36.562,3.7030446428571424,0.1892410714285714
900.014609336853,3190.0,4500.0,20.88,36.625,3.707035714285715,0.1685625
905.0146963596344,3170.0,4480.0,20.88,36.625,3.6581964285714283,0.16945535714285714
910.0147709846497,3160.0,4450.0,20.88,36.625,3.682098214285714,0.17265178571428572
915.0148491859436,3150.0,4400.0,20.88,36.625,3.7005178571428563,0.17325000000000004
920.0149345397949,3150.0,4390.0,20.87,36.625,3.7065624999999995,0.17041964285714287
925.0150210857391,3140.0,4330.0,20.87,36.625,3.7254642857142857,0.16508035714285715
930.0151038169861,3130.0,4320.0,20.87,36.625,3.710223214285714,0.17016964285714287
935.015175819397,3120.0,4310.0,20.88,36.687,3.706946428571429,0.17450000000000004
940.0152506828308,3110.0,4270.0,20.88,36.687,3.6992499999999997,0.17059821428571428
945.0153467655182,3090.0,4250.0,20.88,36.687,3.7409999999999997,0.17338392857142854
950.0154321193695,3070.0,4240.0,20.88,36.75,3.729365384615385,0.17134615384615387
955.0155100822449,3050.0,4210.0,20.87,36.75,3.7020000000000004,0.17208035714285713
960.0155787467957,3030.0,4200.0,20.88,36.75,3.6916875000000005,0.17380357142857145
965.0156564712524,3010.0,4120.0,20.88,36.75,3.711089285714286,0.17605357142857145
970.0157532691956,3000.0,4100.0,20.88,36.75,3.6718124999999993,0.16657142857142862
975.0158307552338,2990.0,4100.0,20.88,36.687,3.7022857142857144,0.17451785714285714
980.0159232616425,2990.0,4110.0,20.88,36.687,3.7070089285714283,0.16839285714285718
985.0160038471222,2980.0,4100.0,20.88,36.687,3.678192307692308,0.1694230769230769
990.0161154270172,2970.0,4090.0,20.87,36.687,3.6902946428571433,0.17411607142857144
995.0161776542664,2960.0,4060.0,20.88,36.687,3.711973214285714,0.16886607142857143
1000.0162508487701,2950.0,4020.0,20.87,36.687,3.7085178571428563,0.17364285714285713
1005.0163350105286,2940.0,3990.0,20.87,36.687,3.6969017857142856,0.16818750000000002
1010.0164210796356,2920.0,3980.0,20.87,36.687,3.701375,0.16949107142857142
1015.0165042877197,2900.0,3970.0,20.87,36.687,3.6939732142857147,0.16851785714285714
1020.016574382782,2880.0,3950.0,20.88,36.687,3.6875178571428573,0.16948214285714286
1025.0166594982147,2860.0,3940.0,20.88,36.687,3.708580357142857,0.16975892857142855
1030.0167365074158,2850.0,3930.0,20.88,36.687,3.6901696428571427,0.1663035714285714
1035.0168192386627,2840.0,3920.0,20.88,36.687,3.710678571428571,0.16760714285714284
1040.0169010162354,2840.0,3910.0,20.87,36.687,3.698,0.16948214285714286
1045.0169806480408,2840.0,3910.0,20.87,36.687,3.694642857142857,0.16850892857142857
1050.0170617103577,2830.0,3910.0,20.88,36.687,3.694660714285714,0.16374107142857144
1055.0171463489532,2820.0,3900.0,20.88,36.687,3.7018392857142857,0.1705803571428571
1060.0172188282013,2800.0,3890.0,20.87,36.75,3.71,0.16472321428571426
1065.017296552658,2790.0,3880.0,20.88,36.75,3.7042142857142855,0.16833928571428572
1070.017394065857,2770.0,3870.0,20.88,36.75,3.7122232142857143,0.16580357142857144
1075.0174753665924,2760.0,3850.0,20.87,36.75,3.689535714285715,0.16622321428571427
1080.017557144165,2730.0,3840.0,20.88,36.75,3.6741249999999996,0.16633035714285715
1085.0176379680634,2710.0,3830.0,20.88,36.687,3.6951785714285714,0.16819642857142858
1090.0177216529846,2690.0,3830.0,20.88,36.75,3.7003392857142856,0.16982142857142857
1095.0178010463715,2680.0,3800.0,20.88,36.687,3.7096964285714287,0.16500892857142854
1100.01789188385,2680.0,3710.0,20.88,36.687,3.665517857142857,0.16481250000000003
1105.0179731845856,2680.0,3690.0,20.88,36.687,3.7104017857142852,0.16948214285714286
1110.0180532932281,2670.0,3640.0,20.88,36.687,3.6891517857142864,0.1698839285714286
1115.0181183815002,2660.0,3630.0,20.88,36.687,3.6905803571428573,0.16783035714285716
1120.0182020664215,2650.0,3620.0,20.88,36.625,3.722107142857143,0.17074107142857145
1125.0182843208313,2640.0,3610.0,20.88,36.687,3.6763214285714296,0.17288392857142862
1130.0183672904968,2620.0,3620.0,20.88,36.687,3.710419642857143,0.16933928571428572
1135.0184452533722,2610.0,3610.0,20.88,36.687,3.7079017857142853,0.16557142857142856
1140.0185234546661,2590.0,3580.0,20.88,36.687,3.68575,0.1669285714285714
1145.0186033248901,2570.0,3600.0,20.88,36.687,3.693366071428571,0.16800892857142857
1150.0186846256256,2560.0,3590.0,20.88,36.687,3.680946428571428,0.16727678571428567
1155.018765449524,2560.0,3590.0,20.88,36.687,3.696375,0.1680357142857143
1160.0188438892365,2550.0,3550.0,20.88,36.687,3.708080357142857,0.17001785714285716
1165.018930196762,2550.0,3540.0,20.87,36.687,3.648258928571429,0.17361607142857144
1170.0190091133118,2540.0,3540.0,20.88,36.687,3.7081696428571425,0.1681517857142857
1175.0190932750702,2530.0,3520.0,20.88,36.687,3.7113035714285716,0.1659017857142857
1180.0191640853882,2510.0,3480.0,20.88,36.75,3.7073750000000003,0.16873214285714289
1185.0192484855652,2500.0,3460.0,20.88,36.75,3.695214285714286,0.1720982142857143
1190.0193269252777,2480.0,3450.0,20.88,36.75,3.706616071428571,0.1712142857142857
1195.019408941269,2470.0,3410.0,20.88,36.812,3.7154910714285707,0.1679107142857143
1200.0194799900055,2450.0,3370.0,20.87,36.812,3.7081339285714283,0.17304464285714286
1205.0195622444153,2430.0,3370.0,20.88,36.75,3.7082589285714285,0.1725535714285714
1210.0196442604065,2420.0,3370.0,20.89,36.75,3.737892857142857,0.16816071428571427
1215.019719839096,2420.0,3360.0,20.88,36.75,3.7062589285714282,0.17146428571428568
1220.0197985172272,2410.0,3330.0,20.88,36.75,3.696178571428572,0.1766964285714286
1225.0198729038239,2410.0,3270.0,20.88,36.75,3.7101607142857147,0.16774107142857142
1230.0199596881866,2400.0,3280.0,20.88,36.75,3.698339285714286,0.17538392857142857
1235.020038843155,2390.0,3270.0,20.88,36.75,3.708616071428571,0.17125892857142858
1240.02011179924,2380.0,3270.0,20.88,36.75,3.726642857142857,0.16926785714285716
1245.020189523697,2370.0,3280.0,20.87,36.75,3.710482142857142,0.1851071428571429
1250.0202791690826,2350.0,3280.0,20.88,36.812,3.717758928571429,0.1725625
1255.0203621387482,2340.0,3280.0,20.88,36.812,3.7017946428571427,0.16959821428571428
1260.0204372406006,2320.0,3260.0,20.88,36.75,3.722883928571428,0.21808035714285715
1265.0205125808716,2300.0,3250.0,20.88,36.812,3.7010357142857138,0.17807142857142857
1270.0205857753754,2290.0,3230.0,20.89,36.812,3.705919642857143,0.1824375
1275.0206685066223,2290.0,3230.0,20.88,36.812,3.7073125000000005,0.17583928571428573
1280.0207431316376,2290.0,3220.0,20.88,36.812,3.6818660714285714,0.17216071428571428
1285.0208237171173,2280.0,3220.0,20.88,36.75,3.7053303571428566,0.17214285714285715
1290.0209028720856,2270.0,3200.0,20.88,36.75,3.708660714285714,0.17103571428571426
1295.020982503891,2260.0,3180.0,20.88,36.75,3.7100089285714293,0.17350892857142858
1300.0210568904877,2250.0,3170.0,20.88,36.75,3.723330357142857,0.16777678571428573
1305.0211277008057,2230.0,3180.0,20.88,36.75,3.7135267857142864,0.17305357142857145
1310.0211997032166,2220.0,3160.0,20.88,36.75,3.7059999999999995,0.17237500000000003
1315.0212709903717,2200.0,3150.0,20.88,36.687,3.6914553571428574,0.17297321428571433
1320.0213449001312,2190.0,3140.0,20.88,36.687,3.722660714285715,0.17454464285714286
1325.0214173793793,2170.0,3130.0,20.88,36.687,3.703116071428572,0.17630357142857142
1330.0215322971344,2170.0,3120.0,20.89,36.687,3.7082589285714285,0.17023214285714286
1335.0216164588928,2160.0,3120.0,20.88,36.687,3.708491071428572,0.168
1340.0216948986053,2160.0,3100.0,20.88,36.687,3.707544642857143,0.16791964285714284
1345.0217714309692,2160.0,3080.0,20.88,36.687,3.6754642857142863,0.16862499999999997
1350.0218455791473,2150.0,3060.0,20.88,36.687,3.7144807692307698,0.17486538461538462
1355.021921634674,2140.0,3050.0,20.88,36.687,3.7049910714285716,0.167125
1360.0219914913177,2140.0,3020.0,20.88,36.687,3.7066250000000003,0.1715089285714286
1365.0220892429352,2120.0,2990.0,20.88,36.75,3.6442321428571427,0.1675
1370.0221655368805,2110.0,2990.0,20.88,36.75,3.7041160714285724,0.1692767857142857
1375.02224111557,2090.0,2970.0,20.88,36.75,3.712857142857143,0.17274107142857145
1380.0223116874695,2080.0,2930.0,20.88,36.812,3.704723214285714,0.17257142857142857
1385.022387266159,2060.0,2900.0,20.89,36.812,3.6563303571428567,0.1728214285714286
1390.0224635601044,2060.0,2880.0,20.93,36.875,3.712080357142857,0.1691964285714286
1395.022535085678,2050.0,2880.0,20.88,36.875,3.7023750000000004,0.16704464285714285
1400.0226085186005,2050.0,2860.0,20.88,36.937,3.709776785714286,0.169625
1405.0226874351501,2040.0,2860.0,20.88,36.937,3.663151785714286,0.16846428571428573
1410.022761106491,2040.0,2840.0,20.88,37.0,3.7084196428571436,0.1720714285714286
1415.0228369235992,2020.0,2830.0,20.88,36.937,3.707875000000001,0.17316071428571428
1420.0229070186615,2020.0,2820.0,20.88,36.937,3.7095535714285717,0.1722232142857143
1425.0229876041412,2000.0,2830.0,20.88,36.937,3.6491160714285718,0.17141071428571425
1430.0230617523193,2000.0,2830.0,20.88,36.875,3.708678571428571,0.17027678571428573
1435.0231347084045,1980.0,2800.0,20.88,36.875,3.714107142857143,0.16800892857142857
1440.0232055187225,1970.0,2810.0,20.88,36.875,3.710142857142857,0.1697857142857143
1445.0232841968536,1960.0,2810.0,20.88,36.875,3.673086538461538,0.16724038461538465
1450.0233590602875,1960.0,2800.0,20.94,36.812,3.7027499999999995,0.16984821428571434
1455.0234305858612,1960.0,2800.0,20.88,36.812,3.702964285714286,0.16701785714285716
1460.0235087871552,1960.0,2800.0,20.88,36.812,3.708955357142858,0.17005357142857144
1465.023607969284,1950.0,2800.0,20.88,36.812,3.6899375,0.1657053571428571
1470.0236806869507,1950.0,2800.0,20.88,36.812,3.720348214285714,0.16583035714285715
1475.0237567424774,1940.0,2800.0,20.87,36.812,3.713883928571429,0.16779464285714285
1480.0238358974457,1940.0,2800.0,20.88,36.812,3.701366071428571,0.16874107142857145
1485.0239148139954,1920.0,2800.0,20.88,36.75,3.6679821428571437,0.1712589285714286
1490.023987531662,1910.0,2790.0,20.88,36.812,3.7084017857142864,0.16245535714285714
1495.0240588188171,1900.0,2780.0,20.88,36.812,3.707232142857143,0.1686071428571429
1500.0241267681122,1890.0,2770.0,20.88,36.812,3.7058482142857145,0.1635089285714286
1505.0241754055023,1880.0,2770.0,20.88,36.812,3.7173749999999997,0.1702857142857143
1510.0242521762848,1870.0,2770.0,20.91,36.812,3.710642857142857,0.1684375
1515.02432179451,1870.0,2760.0,20.88,36.875,3.707258928571428,0.1685357142857143
1520.0243923664093,1870.0,2750.0,20.88,36.875,3.7056428571428577,0.166375
1525.024474620819,1870.0,2730.0,20.88,36.875,3.6825625000000004,0.16907142857142857
1530.0245521068573,1860.0,2720.0,20.88,36.875,3.702669642857143,0.1720357142857143
1535.0246262550354,1860.0,2660.0,20.88,36.875,3.713616071428572,0.16903571428571426
1540.0246980190277,1850.0,2670.0,20.88,36.875,3.7003125,0.17268750000000002
1545.0247757434845,1840.0,2670.0,20.88,36.812,3.706276785714285,0.16753571428571426
1550.0248537063599,1830.0,2670.0,20.88,36.812,3.7289375000000002,0.1735178571428571
1555.0249238014221,1820.0,2660.0,20.87,36.875,3.698473214285715,0.17514285714285718
1560.0249931812286,1820.0,2660.0,20.88,36.812,3.7040625,0.17138392857142856
1565.0250828266144,1800.0,2640.0,20.88,36.875,3.702785714285714,0.18232142857142858
1570.0251524448395,1800.0,2650.0,20.94,36.812,3.7074642857142863,0.1688214285714286
1575.0252273082733,1800.0,2650.0,20.88,36.812,3.706919642857143,0.16602678571428578
1580.0253019332886,1800.0,2640.0,20.88,36.812,3.696357142857143,0.1687857142857143
1585.0253748893738,1790.0,2630.0,20.88,36.812,3.702223214285713,0.18846428571428572
1590.025454044342,1790.0,2610.0,20.87,36.812,3.710419642857143,0.16981249999999998
1595.025527715683,1780.0,2610.0,20.88,36.812,3.7080446428571423,0.18233928571428573
1600.0256042480469,1780.0,2600.0,20.88,36.75,3.6667500000000004,0.1666607142857143
1605.0257024765015,1770.0,2600.0,20.88,36.75,3.6959374999999994,0.16641964285714292
1610.0257716178894,1760.0,2600.0,20.88,36.75,3.703178571428572,0.16960714285714287
1615.0258431434631,1750.0,2610.0,20.88,36.75,3.7053660714285717,0.1674375
1620.0259115695953,1740.0,2600.0,20.88,36.812,3.7003839285714286,0.17161607142857144
1625.0259861946106,1730.0,2590.0,20.88,36.812,3.6937053571428575,0.1717678571428571
1630.026053905487,1720.0,2580.0,20.93,36.875,3.7207788461538462,0.1693653846153846
1635.026132106781,1720.0,2570.0,20.88,36.875,3.699964285714286,0.16847321428571432
1640.026201248169,1720.0,2570.0,20.88,36.875,3.708142857142857,0.17496428571428574
1645.026279449463,1720.0,2570.0,20.88,36.875,3.6644464285714284,0.16991964285714284
1650.026352405548,1720.0,2560.0,20.88,36.875,3.7131875,0.17053571428571426
1655.0264258384705,1710.0,2550.0,20.88,36.875,3.7057678571428565,0.16917857142857146
1660.0264966487885,1700.0,2540.0,20.88,36.875,3.7044017857142855,0.1684642857142857
1665.026579618454,1690.0,2530.0,20.88,36.875,3.6782857142857144,0.16876785714285716
1670.0266568660736,1680.0,2530.0,20.88,36.875,3.7039910714285713,0.17391964285714284
1675.0267322063446,1680.0,2520.0,20.88,36.875,3.7034017857142856,0.16784821428571428
1680.0268051624298,1670.0,2500.0,20.88,36.875,3.7035267857142857,0.17267857142857146
1685.0268988609314,1660.0,2490.0,20.88,36.875,3.706482142857143,0.16741964285714286
1690.0269804000854,1650.0,2480.0,20.93,36.875,3.7182232142857146,0.1741160714285714
1695.0270545482635,1650.0,2470.0,20.88,36.875,3.7074821428571423,0.19240178571428573
1700.0271298885345,1650.0,2470.0,20.88,36.875,3.707142857142858,0.17589285714285716
1705.0272042751312,1650.0,2470.0,20.88,36.812,3.7094375,0.1767410714285714
1710.0272805690765,1650.0,2450.0,20.88,36.875,3.6995446428571426,0.1724375
1715.027356147766,1640.0,2400.0,20.88,36.812,3.7107857142857137,0.17475892857142858
1720.0274302959442,1630.0,2410.0,20.88,36.812,3.7129732142857144,0.1819285714285714
1725.027506828308,1630.0,2390.0,20.88,36.75,3.676144230769231,0.16925961538461537
1730.027590751648,1620.0,2380.0,20.88,36.75,3.7230267857142856,0.17675892857142858
1735.0276658535004,1610.0,2360.0,20.88,36.75,3.7081428571428567,0.16914285714285712
1740.0277378559113,1600.0,2320.0,20.88,36.75,3.7083035714285715,0.16721428571428573
1745.027813911438,1590.0,2320.0,20.9,36.75,3.704294642857143,0.17179464285714285
1750.027888059616,1590.0,2280.0,20.95,36.75,3.7100803571428562,0.16638392857142859
1755.0279695987701,1580.0,2280.0,20.9,36.687,3.688089285714286,0.16349107142857142
1760.0280406475067,1580.0,2270.0,20.88,36.75,3.6940803571428575,0.16658928571428572
1765.0281131267548,1580.0,2260.0,20.88,36.75,3.7096071428571435,0.16819642857142855
1770.028188943863,1570.0,2270.0,20.88,36.75,3.7090624999999995,0.1673125
1775.0282697677612,1570.0,2260.0,20.88,36.75,3.6934017857142862,0.17564285714285716
1780.0283398628235,1560.0,2240.0,20.88,36.75,3.701250000000001,0.17016964285714287
1785.0284113883972,1560.0,2240.0,20.88,36.75,3.7013125,0.1784553571428571
1790.028487443924,1550.0,2200.0,20.88,36.812,3.7079375000000003,0.17197321428571427
1795.028562784195,1540.0,2200.0,20.88,36.812,3.7057232142857144,0.16497321428571426
1800.0286362171173,1530.0,2190.0,20.88,36.812,3.6949017857142863,0.1704642857142857
1805.0287120342255,1530.0,2190.0,20.92,36.812,3.701928571428571,0.16728571428571426
1810.0287828445435,1520.0,2190.0,20.95,36.812,3.707160714285714,0.1654375
1815.0288562774658,1520.0,2210.0,20.9,36.812,3.7040446428571436,0.1671607142857143
1820.028927564621,1520.0,2200.0,20.88,36.875,3.7105714285714284,0.17344642857142858
1825.0290079116821,1520.0,2190.0,20.88,36.875,3.6987232142857143,0.1691160714285714
1830.0290851593018,1520.0,2170.0,20.88,36.937,3.7076071428571424,0.1633571428571429
1835.0291600227356,1510.0,2160.0,20.88,37.0,3.7078035714285713,0.16577678571428572
1840.0292327404022,1510.0,2160.0,20.88,37.0,3.709857142857143,0.16510714285714287
1845.0293109416962,1500.0,2140.0,20.88,37.0,3.6737410714285716,0.16655357142857147
1850.0293827056885,1490.0,2160.0,20.88,37.0,3.7099285714285712,0.16492857142857145
1855.0294556617737,1480.0,2140.0,20.88,37.0,3.7123035714285715,0.16521428571428573
1860.029547214508,1470.0,2150.0,20.88,37.0,3.704330357142857,0.1672857142857143
1865.029635667801,1470.0,2150.0,20.91,37.0,3.65125,0.169875
1870.029706478119,1460.0,2130.0,20.95,37.0,3.7066339285714283,0.1642857142857143
1875.0297768115997,1460.0,2120.0,20.91,37.0,3.7083214285714283,0.16684821428571422
1880.0298681259155,1460.0,2100.0,20.88,37.0,3.7072589285714286,0.16377678571428575
1885.0299377441406,1460.0,2120.0,20.88,37.0,3.7074464285714286,0.16741071428571427
1890.030017375946,1460.0,2100.0,20.88,37.0,3.681901785714287,0.16654464285714288
1895.0300867557526,1460.0,2100.0,20.88,36.937,3.711133928571429,0.17275892857142858
1900.0301578044891,1450.0,2100.0,20.88,37.0,3.7126428571428574,0.17008035714285713
1905.0302300453186,1440.0,2090.0,20.88,36.937,3.7095714285714285,0.1681607142857143
1910.0303149223328,1440.0,2090.0,20.88,37.0,3.702339285714286,0.1725714285714286
1915.030392408371,1430.0,2080.0,20.88,36.937,3.702267857142857,0.17151785714285714
1920.0304622650146,1420.0,2090.0,20.88,36.937,3.6966339285714276,0.17158928571428572
1925.0305318832397,1410.0,2070.0,20.92,36.937,3.7282321428571423,0.17545535714285715
1930.030611038208,1410.0,2070.0,20.95,36.937,3.665669642857143,0.16736607142857143
1935.0306913852692,1400.0,2060.0,20.9,36.937,3.707303571428571,0.16676785714285716
1940.0307667255402,1400.0,2060.0,20.88,36.937,3.7092678571428577,0.1676875
1945.0308394432068,1400.0,2060.0,20.88,36.937,3.7023660714285715,0.17026785714285717
1950.0309145450592,1400.0,2060.0,20.88,36.937,3.7006428571428565,0.1715357142857143
1955.030990600586,1400.0,2060.0,20.88,36.937,3.698580357142857,0.16649107142857147
1960.031061410904,1390.0,2060.0,20.88,36.875,3.6939821428571427,0.16604464285714288
1965.0311329364777,1380.0,2060.0,20.88,36.875,3.706776785714286,0.1668125
1970.0312070846558,1380.0,2050.0,20.88,36.875,3.7114821428571427,0.16382142857142856
1975.0312767028809,1370.0,2040.0,20.88,36.875,3.710267857142857,0.1668035714285714
1980.0313529968262,1360.0,2040.0,20.88,36.875,3.6861517857142863,0.1664017857142857
1985.0314326286316,1350.0,2030.0,20.91,36.875,3.6920714285714284,0.17097321428571427
1990.0315101146698,1350.0,2030.0,20.95,36.875,3.698839285714286,0.17295535714285712
1995.0315825939178,1350.0,2020.0,20.88,36.875,3.7055,0.1673571428571429
2000.0316638946533,1350.0,2010.0,20.88,36.875,3.6711517857142857,0.16809821428571428
2005.0317437648773,1350.0,2000.0,20.88,36.875,3.702663461538462,0.17467307692307693
2010.0318174362183,1340.0,2000.0,20.88,36.875,3.6957232142857146,0.17498214285714284
2015.0318899154663,1340.0,1990.0,20.88,36.875,3.703116071428571,0.17198214285714286
2020.03196310997,1340.0,1980.0,20.88,36.937,3.7004642857142858,0.18176785714285718
2025.0320403575897,1330.0,1970.0,20.88,36.875,3.693151785714286,0.18472321428571428
2030.0321190357208,1320.0,1970.0,20.88,36.875,3.7057678571428565,0.17452678571428573
2035.0321896076202,1310.0,1970.0,20.88,36.875,3.719817307692308,0.17252884615384617
2040.0322790145874,1310.0,1950.0,20.88,36.875,3.6994374999999997,0.1718392857142857
2045.032351732254,1300.0,1940.0,20.91,36.875,3.696258928571429,0.17426785714285714
2050.032423734665,1300.0,1940.0,20.95,36.875,3.6500892857142864,0.1697857142857143
2055.0324943065643,1300.0,1950.0,20.9,36.875,3.706303571428571,0.17154464285714285
2060.0325853824615,1300.0,1960.0,20.88,36.937,3.702410714285714,0.17401785714285714
2065.0326631069183,1300.0,1960.0,20.88,36.937,3.6968928571428563,0.16770535714285714
2070.032742023468,1290.0,1960.0,20.88,36.937,3.666276785714286,0.16989285714285712
2075.0328092575073,1290.0,1960.0,20.88,36.937,3.703410714285714,0.16573214285714283
2080.032877922058,1290.0,1960.0,20.88,36.937,3.694383928571429,0.1672767857142857
2085.0329537391663,1280.0,1950.0,20.88,36.937,3.7067321428571427,0.17065178571428571
2090.0330324172974,1270.0,1960.0,20.88,36.937,3.6852767857142856,0.17104464285714285
2095.0331032276154,1260.0,1960.0,20.88,36.937,3.7036428571428575,0.17108928571428575
2100.0331892967224,1260.0,1950.0,20.88,36.937,3.6981696428571422,0.1753482142857143
2105.033262491226,1250.0,1950.0,20.93,37.0,3.695491071428571,0.17244642857142853
2110.0333340168,1240.0,1950.0,20.95,37.0,3.705660714285714,0.16771428571428573
2115.0334146022797,1240.0,1950.0,20.91,37.0,3.664098214285714,0.16900000000000004
2120.0334894657135,1240.0,1920.0,20.88,37.0,3.7015446428571432,0.16608928571428572
2125.0335664749146,1240.0,1920.0,20.88,37.0,3.688008928571428,0.17182142857142854
2130.033636569977,1240.0,1910.0,20.88,37.0,3.7068660714285713,0.1711875
2135.0337138175964,1240.0,1910.0,20.88,36.937,3.6992142857142865,0.1705803571428572
2140.0337903499603,1230.0,1910.0,20.88,37.0,3.707732142857143,0.17901785714285715
2145.033861875534,1230.0,1900.0,20.88,37.0,3.7101160714285712,0.17359821428571426
2150.033935070038,1220.0,1910.0,20.88,37.0,3.7042053571428575,0.168625
2155.0340073108673,1210.0,1910.0,20.88,37.0,3.7005714285714286,0.1694375
2160.0340790748596,1200.0,1910.0,20.88,36.937,3.6941696428571436,0.18537500000000004
2165.0341589450836,1190.0,1910.0,20.93,36.937,3.657339285714285,0.1683125
2170.034232854843,1190.0,1900.0,20.95,36.937,3.6947767857142857,0.18619642857142857
2175.034308195114,1190.0,1890.0,20.91,36.937,3.7256250000000004,0.1707857142857143
2180.034388065338,1190.0,1890.0,20.88,36.937,3.712178571428571,0.17032142857142857
2185.034466981888,1190.0,1880.0,20.88,36.875,3.6813303571428575,0.16767857142857143
2190.0345466136932,1190.0,1870.0,20.88,36.875,3.6873482142857132,0.16548214285714288
2195.034622192383,1190.0,1870.0,20.88,36.875,3.692151785714286,0.16648214285714286
2200.0346970558167,1190.0,1860.0,20.88,36.875,3.704741071428572,0.16608928571428574
2205.0347776412964,1180.0,1850.0,20.88,36.812,3.732017857142858,0.16295535714285717
2210.034858226776,1170.0,1850.0,20.88,36.875,3.707285714285714,0.16322321428571432
2215.034958600998,1170.0,1840.0,20.88,36.875,3.7064642857142855,0.1670267857142857
2220.0350308418274,1160.0,1840.0,20.88,36.875,3.699303571428571,0.16754464285714285
2225.03510928154,1150.0,1840.0,20.92,36.875,3.681928571428571,0.1705625
2230.0351741313934,1150.0,1840.0,20.95,36.875,3.6771160714285713,0.16442857142857142
2235.035254240036,1150.0,1840.0,20.9,36.875,3.693973214285714,0.16966964285714287
2240.0353288650513,1150.0,1840.0,20.88,36.875,3.714482142857143,0.1692142857142857
2245.035402536392,1150.0,1840.0,20.88,36.875,3.6989732142857146,0.16908928571428575
2250.0354771614075,1150.0,1840.0,20.88,36.875,3.716803571428572,0.16698214285714288
2255.0355620384216,1150.0,1830.0,20.88,36.875,3.6985446428571436,0.16280357142857146
2260.035635471344,1140.0,1830.0,20.88,36.875,3.7002410714285716,0.16585714285714287
2265.0357151031494,1140.0,1820.0,20.88,36.875,3.6970625,0.16840178571428568
2270.0357851982117,1130.0,1800.0,20.88,36.875,3.703812500000001,0.1788125
2275.03586602211,1130.0,1790.0,20.88,36.875,3.671517857142857,0.1687232142857143
2280.0359399318695,1120.0,1780.0,20.88,36.937,3.571205357142857,0.1748125
2285.036013364792,1120.0,1790.0,20.92,36.937,3.6870178571428576,0.17175892857142855
2290.0360872745514,1110.0,1760.0,20.95,36.937,3.6951160714285716,0.1665625
2295.03617310524,1110.0,1750.0,20.91,36.937,3.7178839285714282,0.17483928571428572
2300.0362515449524,1110.0,1750.0,20.88,36.937,3.7202500000000005,0.1689732142857143
2305.0363256931305,1110.0,1740.0,20.88,36.937,3.705803571428571,0.1668660714285714
2310.0363986492157,1110.0,1730.0,20.88,37.0,3.7068482142857144,0.16825
2315.0364747047424,1110.0,1740.0,20.88,37.0,3.737517857142857,0.17133035714285713
2320.0365443229675,1110.0,1750.0,20.88,37.0,3.7058749999999994,0.16959821428571425
2325.036612510681,1110.0,1750.0,20.88,37.0,3.7188482142857144,0.17185714285714285
2330.0366821289062,1100.0,1750.0,20.88,37.0,3.7049017857142865,0.17468750000000002
2335.036762237549,1100.0,1760.0,20.88,37.0,3.691401785714285,0.1729017857142857
2340.036828517914,1090.0,1760.0,20.88,37.0,3.6902678571428575,0.1724107142857143
2345.036906003952,1090.0,1750.0,20.94,37.0,3.7034553571428575,0.17054464285714285
2350.03697514534,1090.0,1750.0,20.95,37.0,3.7081517857142856,0.1712857142857143
2355.0370502471924,1090.0,1750.0,20.91,37.0,3.649035714285715,0.16383928571428572
2360.0371232032776,1090.0,1740.0,20.88,37.0,3.7133035714285714,0.16730357142857147
2365.0371966362,1090.0,1730.0,20.88,37.0,3.700446428571428,0.1674375
2370.0372750759125,1080.0,1730.0,20.88,37.0,3.676625,0.17304464285714286
2375.0373475551605,1080.0,1740.0,20.88,37.0,3.692321428571429,0.17283035714285716
2380.0374171733856,1080.0,1730.0,20.88,37.0,3.6983303571428574,0.16793750000000005
2385.0374891757965,1080.0,1740.0,20.88,37.0,3.707616071428571,0.16732142857142857
2390.0375628471375,1070.0,1730.0,20.88,37.0,3.7021071428571433,0.17118750000000002
2395.0376489162445,1070.0,1740.0,20.88,37.0,3.6767980769230775,0.1696346153846154
2400.037719964981,1060.0,1740.0,20.88,37.0,3.707678571428571,0.16744642857142858
2405.0378036499023,1060.0,1740.0,20.92,37.0,3.704205357142857,0.1790446428571429
2410.0378754138947,1060.0,1740.0,20.95,37.0,3.710125,0.17035714285714287
2415.0379495620728,1060.0,1730.0,20.9,37.0,3.6985178571428574,0.17811607142857142
2420.0380198955536,1060.0,1720.0,20.88,36.937,3.702883928571428,0.17682142857142855
2425.03809094429,1060.0,1720.0,20.88,36.937,3.701375,0.17099107142857142
2430.0381610393524,1060.0,1720.0,20.88,36.937,3.7038482142857148,0.16852678571428573
2435.0382392406464,1060.0,1710.0,20.88,36.937,3.6547410714285706,0.1714642857142857
2440.0383105278015,1050.0,1700.0,20.88,36.937,3.710116071428572,0.1700803571428571
2445.0383818149567,1050.0,1700.0,20.88,36.937,3.7129196428571434,0.16875892857142857
2450.0384500026703,1050.0,1690.0,20.88,36.937,3.7032946428571436,0.16850000000000004
2455.038549184799,1040.0,1690.0,20.88,36.937,3.7030625000000006,0.16403571428571426
2460.038617372513,1030.0,1690.0,20.88,36.937,3.6985267857142854,0.16559821428571428
2465.0387012958527,1030.0,1690.0,20.94,36.937,3.6820535714285714,0.1682232142857143
2470.038770198822,1030.0,1680.0,20.95,36.937,3.7068482142857144,0.17004464285714288
2475.038860797882,1030.0,1680.0,20.92,36.937,3.722544642857143,0.16852678571428573
2480.0389397144318,1030.0,1680.0,20.89,36.937,3.708696428571429,0.16541071428571427
2485.039013147354,1030.0,1680.0,20.88,36.937,3.702491071428572,0.16697321428571427
2490.039087533951,1030.0,1670.0,20.88,36.937,3.697767857142857,0.16750892857142854
2495.0391643047333,1030.0,1670.0,20.88,36.937,3.693473214285714,0.16942857142857146
2500.039234638214,1020.0,1660.0,20.88,36.937,3.6842767857142857,0.16617857142857143
2505.039302110672,1020.0,1650.0,20.88,36.937,3.7135446428571433,0.1633125
2510.039375782013,1020.0,1660.0,20.88,36.937,3.7136607142857145,0.16384821428571428
2515.0394513607025,1010.0,1660.0,20.88,36.937,3.69875,0.16865178571428574
2520.0395209789276,1010.0,1640.0,20.88,36.937,3.6935446428571432,0.1713214285714286
2525.0395891666412,1000.0,1650.0,20.93,36.937,3.6992499999999997,0.17535714285714285
2530.0396587848663,1000.0,1650.0,20.95,36.937,3.7023303571428565,0.16667857142857145
2535.039734840393,1000.0,1640.0,20.92,36.937,3.687785714285714,0.16726785714285716
2540.039811372757,1000.0,1640.0,20.89,36.937,3.708580357142857,0.17301785714285714
2545.039882183075,1000.0,1640.0,20.88,36.937,3.7134464285714297,0.1654553571428572
2550.0399549007416,1000.0,1630.0,20.88,36.937,3.7128214285714285,0.16523214285714286
2555.0400393009186,1000.0,1620.0,20.88,36.937,3.6992857142857143,0.1743125
2560.0401151180267,1000.0,1620.0,20.88,36.875,3.695910714285714,0.1696875
2565.040187358856,990.0,1620.0,20.88,36.875,3.7038303571428566,0.16674107142857145
2570.0402567386627,990.0,1610.0,20.88,36.875,3.7081160714285715,0.16668750000000004
2575.0403316020966,980.0,1610.0,20.88,36.875,3.706455357142857,0.16568750000000002
2580.0404047966003,980.0,1600.0,20.88,36.875,3.6625089285714276,0.1692142857142857
2585.0404739379883,970.0,1610.0,20.93,36.875,3.7074107142857144,0.1749285714285714
2590.040543317795,970.0,1600.0,20.95,36.812,3.698241071428572,0.17176785714285714
2595.0406329631805,970.0,1600.0,20.94,36.812,3.701535714285714,0.16976785714285714
2600.0407083034515,970.0,1600.0,20.88,36.812,3.698008928571429,0.1813125
2605.0407927036285,980.0,1600.0,20.88,36.812,3.6697232142857144,0.1683125
2610.040871858597,980.0,1590.0,20.88,36.812,3.7030178571428576,0.17177678571428573
2615.040953397751,980.0,1590.0,20.88,36.812,3.7119910714285718,0.16716964285714284
2620.041025161743,970.0,1590.0,20.88,36.812,3.707571428571429,0.1674732142857143
2625.041103363037,970.0,1590.0,20.88,36.812,3.697633928571429,0.17201785714285717
2630.0411751270294,970.0,1580.0,20.88,36.875,3.7031874999999994,0.17149107142857148
2635.0412464141846,970.0,1580.0,20.88,36.937,3.6980357142857145,0.169875
2640.0413167476654,960.0,1580.0,20.88,36.937,3.68725,0.17214285714285718
2645.0413949489594,960.0,1590.0,20.94,36.937,3.684383928571428,0.16695535714285717
2650.0414645671844,950.0,1580.0,20.95,36.937,3.7065982142857146,0.16433035714285713
2655.0415365695953,950.0,1590.0,20.92,36.937,3.7121607142857145,0.1650714285714286
2660.0416111946106,960.0,1590.0,20.88,36.937,3.687491071428571,0.1699821428571429
2665.0416872501373,960.0,1590.0,20.88,36.937,3.693866071428572,0.16876785714285716
2670.04176402092,960.0,1590.0,20.88,36.937,3.650830357142858,0.1735357142857143
2675.0418541431427,950.0,1590.0,20.88,36.937,3.6960624999999996,0.17539285714285713
2680.0419266223907,950.0,1580.0,20.88,37.0,3.7093660714285717,0.17157142857142857
2685.0420019626617,950.0,1580.0,20.88,37.0,3.711848214285714,0.17224107142857145
2690.0421044826508,950.0,1580.0,20.88,37.062,3.6946607142857144,0.17306249999999998
2695.042191028595,940.0,1590.0,20.88,37.0,3.7038571428571436,0.1795267857142857
2700.0422632694244,940.0,1590.0,20.88,37.062,3.696776785714286,0.18058035714285717
2705.0423436164856,930.0,1590.0,20.94,37.062,3.701785714285714,0.1745625
2710.0424168109894,930.0,1590.0,20.95,37.062,3.6961249999999994,0.1771607142857143
2715.042494535446,930.0,1580.0,20.94,37.062,3.6438660714285716,0.1706785714285714
2720.04257440567,930.0,1580.0,20.89,37.062,3.712232142857143,0.1769375
2725.042647123337,930.0,1570.0,20.88,37.062,3.7042232142857148,0.17575
2730.042718410492,930.0,1570.0,20.88,37.062,3.7078482142857143,0.1787321428571429
2735.04279589653,930.0,1560.0,20.88,37.062,3.7127053571428568,0.17383035714285713
2740.042895555496,930.0,1560.0,20.88,37.062,3.6911071428571427,0.1741160714285714
2745.0429787635803,920.0,1570.0,20.88,37.062,3.7046071428571423,0.17735714285714285
2750.043053150177,920.0,1580.0,20.88,37.062,3.7121874999999993,0.17469642857142856
2755.0431497097015,920.0,1580.0,20.88,37.0,3.680187500000001,0.17761607142857141
2760.0432510375977,920.0,1570.0,20.88,37.0,3.7022678571428576,0.1774642857142857
2765.0433275699615,910.0,1570.0,20.95,37.062,3.674178571428572,0.17770535714285712
2770.0434041023254,910.0,1570.0,20.95,37.062,3.6951160714285716,0.17717857142857144
2775.043481826782,910.0,1570.0,20.93,37.062,3.6973392857142855,0.17555357142857145
2780.043557405472,910.0,1570.0,20.89,37.0,3.7037500000000003,0.17703571428571427
2785.0436260700226,910.0,1570.0,20.89,37.0,3.713089285714286,0.16887499999999997
2790.043696165085,910.0,1570.0,20.88,37.0,3.7087857142857144,0.17549107142857148
2795.043773651123,910.0,1560.0,20.88,36.937,3.648803571428572,0.172625
2800.0438437461853,910.0,1560.0,20.88,37.0,3.7027767857142853,0.17208928571428572
2805.043940782547,910.0,1560.0,20.88,36.937,3.7061964285714284,0.1691785714285714
2810.0440325737,900.0,1560.0,20.88,37.0,3.7048750000000004,0.17525892857142858
2815.0441098213196,900.0,1550.0,20.88,37.0,3.6744464285714282,0.1720625
2820.0441653728485,900.0,1550.0,20.88,36.937,3.7039999999999997,0.17200892857142855
2825.0442399978638,890.0,1550.0,20.95,37.0,3.7038839285714285,0.17984821428571424
2830.0443086624146,890.0,1550.0,20.95,36.937,3.7053035714285714,0.17908035714285717
2835.0443835258484,890.0,1550.0,20.95,36.937,3.701776785714286,0.18499107142857144
2840.0444622039795,890.0,1550.0,20.89,36.937,3.650178571428572,0.1758392857142857
2845.044563770294,890.0,1550.0,20.88,36.937,3.705875,0.18296428571428572
2850.0446774959564,890.0,1550.0,20.88,36.937,3.7293660714285717,0.17681250000000004
